Achievements of India246,BharatiyaSamskritiEnglishCommentary-30.,nothing,h2,_idIndexMarker343,BharatiyaSamskritiEnglishCommentary-30/#p1
"Adhikara122, 226, 231",BharatiyaSamskritiEnglishCommentary-13.,nothing,p,_idIndexMarker218,BharatiyaSamskritiEnglishCommentary-13/#p19
"Adhikara122, 226, 231",BharatiyaSamskritiEnglishCommentary-23.,nothing,h4,_idIndexMarker329,BharatiyaSamskritiEnglishCommentary-23/#p12
"Adhikara122, 226, 231",BharatiyaSamskritiEnglishCommentary-23.,nothing,p,_idIndexMarker330,BharatiyaSamskritiEnglishCommentary-23/#p19
Agni196,BharatiyaSamskritiEnglishCommentary-22.,nothing,p,_idIndexMarker298,BharatiyaSamskritiEnglishCommentary-22/#p13
Aham Brahmasmi153,BharatiyaSamskritiEnglishCommentary-15.,nothing,p,_idIndexMarker258,BharatiyaSamskritiEnglishCommentary-15/#p3
"Ahankara7, 120",BharatiyaSamskritiEnglishCommentary-3.,nothing,p,_idIndexMarker009,BharatiyaSamskritiEnglishCommentary-3/#p19
"Ahankara7, 120",BharatiyaSamskritiEnglishCommentary-13.,nothing,p,_idIndexMarker215,BharatiyaSamskritiEnglishCommentary-13/#p17
Aim of Great Culture28,BharatiyaSamskritiEnglishCommentary-5.,nothing,p,_idIndexMarker041,BharatiyaSamskritiEnglishCommentary-5/#p10
"Ancient India, Spirit of254",BharatiyaSamskritiEnglishCommentary-32.,nothing,h2,_idIndexMarker345,BharatiyaSamskritiEnglishCommentary-32/#p1
Ancient vs. Modern Mentality79,BharatiyaSamskritiEnglishCommentary-9.,nothing,p,_idIndexMarker142,BharatiyaSamskritiEnglishCommentary-9/#p3
"Arta, Artharthi, Jijnasu, Jnani186",BharatiyaSamskritiEnglishCommentary-22.,nothing,p,_idIndexMarker291,BharatiyaSamskritiEnglishCommentary-22/#p35
"Artha46, 70, 118",BharatiyaSamskritiEnglishCommentary-5.,nothing,p,_idIndexMarker077,BharatiyaSamskritiEnglishCommentary-5/#p35
"Artha46, 70, 118",BharatiyaSamskritiEnglishCommentary-8.,nothing,p,_idIndexMarker120,BharatiyaSamskritiEnglishCommentary-8/#p1
"Artha46, 70, 118",BharatiyaSamskritiEnglishCommentary-13.,nothing,p,_idIndexMarker203,BharatiyaSamskritiEnglishCommentary-13/#p16
"Aryan123, 125",BharatiyaSamskritiEnglishCommentary-13.,nothing,p,_idIndexMarker223,BharatiyaSamskritiEnglishCommentary-13/#p20
"Aryan123, 125",BharatiyaSamskritiEnglishCommentary-13.,nothing,p,_idIndexMarker226,BharatiyaSamskritiEnglishCommentary-13/#p22
Aryan Education273,BharatiyaSamskritiEnglishCommentary-38.,nothing,h2,_idIndexMarker362,BharatiyaSamskritiEnglishCommentary-38/#p1
"Aryan Education, Achievements288",BharatiyaSamskritiEnglishCommentary-42.,nothing,h3,_idIndexMarker369,BharatiyaSamskritiEnglishCommentary-42/#p1
Asceticism110,BharatiyaSamskritiEnglishCommentary-13.,nothing,p,_idIndexMarker196,BharatiyaSamskritiEnglishCommentary-13/#p1
"Asceticism, Reason for51",BharatiyaSamskritiEnglishCommentary-5.,nothing,p,_idIndexMarker087,BharatiyaSamskritiEnglishCommentary-5/#p39
Ascetic Tendency67,BharatiyaSamskritiEnglishCommentary-7.,nothing,p,_idIndexMarker112,BharatiyaSamskritiEnglishCommentary-7/#p9
"Ashramas42, 45, 150",BharatiyaSamskritiEnglishCommentary-5.,nothing,p,_idIndexMarker064,BharatiyaSamskritiEnglishCommentary-5/#p29
"Ashramas42, 45, 150",BharatiyaSamskritiEnglishCommentary-5.,nothing,p,_idIndexMarker073,BharatiyaSamskritiEnglishCommentary-5/#p32
"Ashramas42, 45, 150",BharatiyaSamskritiEnglishCommentary-14.,nothing,p,_idIndexMarker253,BharatiyaSamskritiEnglishCommentary-14/#p22
Aswamedha307,BharatiyaSamskritiEnglishCommentary-50.,nothing,p,_idIndexMarker379,BharatiyaSamskritiEnglishCommentary-50/#p1
Ātmārtham107,BharatiyaSamskritiEnglishCommentary-12.,nothing,p,_idIndexMarker193,BharatiyaSamskritiEnglishCommentary-12/#p6
Avidya7,BharatiyaSamskritiEnglishCommentary-3.,nothing,p,_idIndexMarker008,BharatiyaSamskritiEnglishCommentary-3/#p19
Bālavat183,BharatiyaSamskritiEnglishCommentary-21.,nothing,p,_idIndexMarker284,BharatiyaSamskritiEnglishCommentary-21/#p3
Brahmacharya274,BharatiyaSamskritiEnglishCommentary-39.,nothing,h3,_idIndexMarker364,BharatiyaSamskritiEnglishCommentary-39/#p1
"Brahmin79, 138, 233, 254",BharatiyaSamskritiEnglishCommentary-9.,nothing,p,_idIndexMarker146,BharatiyaSamskritiEnglishCommentary-9/#p3
"Brahmin79, 138, 233, 254",BharatiyaSamskritiEnglishCommentary-14.,nothing,p,_idIndexMarker242,BharatiyaSamskritiEnglishCommentary-14/#p12
"Brahmin79, 138, 233, 254",BharatiyaSamskritiEnglishCommentary-23.,nothing,p,_idIndexMarker331,BharatiyaSamskritiEnglishCommentary-23/#p21
"Brahmin79, 138, 233, 254",BharatiyaSamskritiEnglishCommentary-32.,nothing,p,_idIndexMarker346,BharatiyaSamskritiEnglishCommentary-32/#p1
"British Rule57, 64, 65, 86, 173",BharatiyaSamskritiEnglishCommentary-6.,nothing,p,_idIndexMarker095,BharatiyaSamskritiEnglishCommentary-6/#p7
"British Rule57, 64, 65, 86, 173",BharatiyaSamskritiEnglishCommentary-7.,nothing,p,_idIndexMarker106,BharatiyaSamskritiEnglishCommentary-7/#p6
"British Rule57, 64, 65, 86, 173",BharatiyaSamskritiEnglishCommentary-7.,nothing,p,_idIndexMarker110,BharatiyaSamskritiEnglishCommentary-7/#p7
"British Rule57, 64, 65, 86, 173",BharatiyaSamskritiEnglishCommentary-10.,nothing,p,_idIndexMarker161,BharatiyaSamskritiEnglishCommentary-10/#p9
"British Rule57, 64, 65, 86, 173",BharatiyaSamskritiEnglishCommentary-19.,nothing,p,_idIndexMarker273,BharatiyaSamskritiEnglishCommentary-19/#p4
"Buddha99, 203",BharatiyaSamskritiEnglishCommentary-10.,nothing,p,_idIndexMarker178,BharatiyaSamskritiEnglishCommentary-10/#p27
"Buddha99, 203",BharatiyaSamskritiEnglishCommentary-22.,nothing,p,_idIndexMarker308,BharatiyaSamskritiEnglishCommentary-22/#p39
"Buddhism72, 92, 169, 178, 203, 266",BharatiyaSamskritiEnglishCommentary-8.,nothing,p,_idIndexMarker123,BharatiyaSamskritiEnglishCommentary-8/#p6
"Buddhism72, 92, 169, 178, 203, 266",BharatiyaSamskritiEnglishCommentary-10.,nothing,p,_idIndexMarker168,BharatiyaSamskritiEnglishCommentary-10/#p17
"Buddhism72, 92, 169, 178, 203, 266",BharatiyaSamskritiEnglishCommentary-19.,nothing,p,_idIndexMarker269,BharatiyaSamskritiEnglishCommentary-19/#p2
"Buddhism72, 92, 169, 178, 203, 266",BharatiyaSamskritiEnglishCommentary-20.,nothing,p,_idIndexMarker276,BharatiyaSamskritiEnglishCommentary-20/#p7
"Buddhism72, 92, 169, 178, 203, 266",BharatiyaSamskritiEnglishCommentary-22.,nothing,p,_idIndexMarker307,BharatiyaSamskritiEnglishCommentary-22/#p18
"Buddhism72, 92, 169, 178, 203, 266",BharatiyaSamskritiEnglishCommentary-37.,nothing,p,_idIndexMarker358,BharatiyaSamskritiEnglishCommentary-37/#p1
Buddhists159,BharatiyaSamskritiEnglishCommentary-17.,nothing,p,_idIndexMarker264,BharatiyaSamskritiEnglishCommentary-17/#p1
Celt60,BharatiyaSamskritiEnglishCommentary-7.,nothing,p,_idIndexMarker100,BharatiyaSamskritiEnglishCommentary-7/#p2
"Chaitanya165, 205, 217",BharatiyaSamskritiEnglishCommentary-18.,nothing,p,_idIndexMarker268,BharatiyaSamskritiEnglishCommentary-18/#p10
"Chaitanya165, 205, 217",BharatiyaSamskritiEnglishCommentary-22.,nothing,p,_idIndexMarker309,BharatiyaSamskritiEnglishCommentary-22/#p19
"Chaitanya165, 205, 217",BharatiyaSamskritiEnglishCommentary-22.,nothing,p,_idIndexMarker320,BharatiyaSamskritiEnglishCommentary-22/#p33
Chakravarti307,BharatiyaSamskritiEnglishCommentary-50.,nothing,h3,_idIndexMarker378,BharatiyaSamskritiEnglishCommentary-50/#p1
Chanakya308,BharatiyaSamskritiEnglishCommentary-50.,nothing,p,_idIndexMarker383,BharatiyaSamskritiEnglishCommentary-50/#p3
Chandragupta308,BharatiyaSamskritiEnglishCommentary-50.,nothing,p,_idIndexMarker382,BharatiyaSamskritiEnglishCommentary-50/#p3
Charvakas119,BharatiyaSamskritiEnglishCommentary-13.,nothing,p,_idIndexMarker205,BharatiyaSamskritiEnglishCommentary-13/#p16
"Chaturvarna44, 79, 133",BharatiyaSamskritiEnglishCommentary-5.,nothing,p,_idIndexMarker068,BharatiyaSamskritiEnglishCommentary-5/#p31
"Chaturvarna44, 79, 133",BharatiyaSamskritiEnglishCommentary-9.,nothing,p,_idIndexMarker143,BharatiyaSamskritiEnglishCommentary-9/#p3
"Chaturvarna44, 79, 133",BharatiyaSamskritiEnglishCommentary-14.,nothing,h5,_idIndexMarker239,BharatiyaSamskritiEnglishCommentary-14/#p5
Chosen country4,BharatiyaSamskritiEnglishCommentary-3.,nothing,p,_idIndexMarker002,BharatiyaSamskritiEnglishCommentary-3/#p13
"Christianity, Proposed Remedy85",BharatiyaSamskritiEnglishCommentary-10.,nothing,p,_idIndexMarker159,BharatiyaSamskritiEnglishCommentary-10/#p8
"Christian Missionaries58, 171",BharatiyaSamskritiEnglishCommentary-6.,nothing,p,_idIndexMarker097,BharatiyaSamskritiEnglishCommentary-6/#p9
"Christian Missionaries58, 171",BharatiyaSamskritiEnglishCommentary-19.,nothing,p,_idIndexMarker272,BharatiyaSamskritiEnglishCommentary-19/#p3
Claim of Various Parts112,BharatiyaSamskritiEnglishCommentary-13.,nothing,p,_idIndexMarker198,BharatiyaSamskritiEnglishCommentary-13/#p2
Complete Act of Divine Love83,BharatiyaSamskritiEnglishCommentary-10.,nothing,p,_idIndexMarker155,BharatiyaSamskritiEnglishCommentary-10/#p3
"Consciousness, Levels of10",BharatiyaSamskritiEnglishCommentary-3.,nothing,p,_idIndexMarker023,BharatiyaSamskritiEnglishCommentary-3/#p34
Contemptible Aims220,BharatiyaSamskritiEnglishCommentary-22.,nothing,p,_idIndexMarker325,BharatiyaSamskritiEnglishCommentary-22/#p34
"Conversion85, 87",BharatiyaSamskritiEnglishCommentary-10.,nothing,p,_idIndexMarker160,BharatiyaSamskritiEnglishCommentary-10/#p8
"Conversion85, 87",BharatiyaSamskritiEnglishCommentary-10.,nothing,p,_idIndexMarker164,BharatiyaSamskritiEnglishCommentary-10/#p10
Crisis of Renascence40,BharatiyaSamskritiEnglishCommentary-5.,nothing,p,_idIndexMarker058,BharatiyaSamskritiEnglishCommentary-5/#p27
"Cultural Unity220, 303",BharatiyaSamskritiEnglishCommentary-22.,nothing,p,_idIndexMarker323,BharatiyaSamskritiEnglishCommentary-22/#p34
"Cultural Unity220, 303",BharatiyaSamskritiEnglishCommentary-48.,nothing,p,_idIndexMarker377,BharatiyaSamskritiEnglishCommentary-48/#p1
Dayananda208,BharatiyaSamskritiEnglishCommentary-22.,nothing,p,_idIndexMarker313,BharatiyaSamskritiEnglishCommentary-22/#p21
"Death7, 46, 50, 127, 190, 205, 323",BharatiyaSamskritiEnglishCommentary-3.,nothing,p,_idIndexMarker012,BharatiyaSamskritiEnglishCommentary-3/#p19
"Death7, 46, 50, 127, 190, 205, 323",BharatiyaSamskritiEnglishCommentary-5.,nothing,p,_idIndexMarker076,BharatiyaSamskritiEnglishCommentary-5/#p35
"Death7, 46, 50, 127, 190, 205, 323",BharatiyaSamskritiEnglishCommentary-5.,nothing,p,_idIndexMarker084,BharatiyaSamskritiEnglishCommentary-5/#p38
"Death7, 46, 50, 127, 190, 205, 323",BharatiyaSamskritiEnglishCommentary-13.,nothing,p,_idIndexMarker232,BharatiyaSamskritiEnglishCommentary-13/#p23
"Death7, 46, 50, 127, 190, 205, 323",BharatiyaSamskritiEnglishCommentary-22.,nothing,p,_idIndexMarker294,BharatiyaSamskritiEnglishCommentary-22/#p5
"Death7, 46, 50, 127, 190, 205, 323",BharatiyaSamskritiEnglishCommentary-22.,nothing,p,_idIndexMarker311,BharatiyaSamskritiEnglishCommentary-22/#p19
"Death7, 46, 50, 127, 190, 205, 323",BharatiyaSamskritiEnglishCommentary-52.,nothing,p,_idIndexMarker395,BharatiyaSamskritiEnglishCommentary-52/#p7
Debate with Brahmavadins76,BharatiyaSamskritiEnglishCommentary-9.,nothing,p,_idIndexMarker138,BharatiyaSamskritiEnglishCommentary-9/#p2
"Desh-Kala-Patra45, 95, 238, 299",BharatiyaSamskritiEnglishCommentary-5.,nothing,p,_idIndexMarker075,BharatiyaSamskritiEnglishCommentary-5/#p32
"Desh-Kala-Patra45, 95, 238, 299",BharatiyaSamskritiEnglishCommentary-10.,nothing,p,_idIndexMarker174,BharatiyaSamskritiEnglishCommentary-10/#p22
"Desh-Kala-Patra45, 95, 238, 299",BharatiyaSamskritiEnglishCommentary-25.,nothing,p,_idIndexMarker338,BharatiyaSamskritiEnglishCommentary-25/#p4
"Desh-Kala-Patra45, 95, 238, 299",BharatiyaSamskritiEnglishCommentary-45.,nothing,p,_idIndexMarker375,BharatiyaSamskritiEnglishCommentary-45/#p8
"Desire7, 119, 265, 277",BharatiyaSamskritiEnglishCommentary-3.,nothing,p,_idIndexMarker010,BharatiyaSamskritiEnglishCommentary-3/#p19
"Desire7, 119, 265, 277",BharatiyaSamskritiEnglishCommentary-13.,nothing,p,_idIndexMarker206,BharatiyaSamskritiEnglishCommentary-13/#p17
"Desire7, 119, 265, 277",BharatiyaSamskritiEnglishCommentary-36.,nothing,p,_idIndexMarker355,BharatiyaSamskritiEnglishCommentary-36/#p4
"Desire7, 119, 265, 277",BharatiyaSamskritiEnglishCommentary-40.,nothing,p,_idIndexMarker365,BharatiyaSamskritiEnglishCommentary-40/#p2
Desire and Fear120,BharatiyaSamskritiEnglishCommentary-13.,nothing,p,_idIndexMarker212,BharatiyaSamskritiEnglishCommentary-13/#p17
Dhammapada74,BharatiyaSamskritiEnglishCommentary-8.,nothing,p,_idIndexMarker132,BharatiyaSamskritiEnglishCommentary-8/#p9
"Dharma32, 41, 46, 124, 149, 241",BharatiyaSamskritiEnglishCommentary-5.,nothing,p,_idIndexMarker046,BharatiyaSamskritiEnglishCommentary-5/#p13
"Dharma32, 41, 46, 124, 149, 241",BharatiyaSamskritiEnglishCommentary-5.,nothing,p,_idIndexMarker062,BharatiyaSamskritiEnglishCommentary-5/#p29
"Dharma32, 41, 46, 124, 149, 241",BharatiyaSamskritiEnglishCommentary-5.,nothing,p,_idIndexMarker079,BharatiyaSamskritiEnglishCommentary-5/#p35
"Dharma32, 41, 46, 124, 149, 241",BharatiyaSamskritiEnglishCommentary-13.,nothing,p,_idIndexMarker224,BharatiyaSamskritiEnglishCommentary-13/#p21
"Dharma32, 41, 46, 124, 149, 241",BharatiyaSamskritiEnglishCommentary-14.,nothing,p,_idIndexMarker252,BharatiyaSamskritiEnglishCommentary-14/#p21
"Dharma32, 41, 46, 124, 149, 241",BharatiyaSamskritiEnglishCommentary-26.,nothing,h3,_idIndexMarker340,BharatiyaSamskritiEnglishCommentary-26/#p1
"Dharma, Indian Conception121",BharatiyaSamskritiEnglishCommentary-13.,nothing,h4,_idIndexMarker217,BharatiyaSamskritiEnglishCommentary-13/#p19
Dharmarājya308,BharatiyaSamskritiEnglishCommentary-50.,nothing,p,_idIndexMarker381,BharatiyaSamskritiEnglishCommentary-50/#p2
"Dharma, Yoke of95",BharatiyaSamskritiEnglishCommentary-10.,nothing,p,_idIndexMarker175,BharatiyaSamskritiEnglishCommentary-10/#p22
Dhyāna279,BharatiyaSamskritiEnglishCommentary-41.,nothing,p,_idIndexMarker368,BharatiyaSamskritiEnglishCommentary-41/#p1
"Divine Love, Complete Act of83",BharatiyaSamskritiEnglishCommentary-10.,nothing,p,_idIndexMarker156,BharatiyaSamskritiEnglishCommentary-10/#p3
"Downward Gravitation51, 119",BharatiyaSamskritiEnglishCommentary-5.,nothing,p,_idIndexMarker088,BharatiyaSamskritiEnglishCommentary-5/#p39
"Downward Gravitation51, 119",BharatiyaSamskritiEnglishCommentary-13.,nothing,p,_idIndexMarker210,BharatiyaSamskritiEnglishCommentary-13/#p17
East and West164,BharatiyaSamskritiEnglishCommentary-18.,nothing,p,_idIndexMarker267,BharatiyaSamskritiEnglishCommentary-18/#p7
Economic History of India64,BharatiyaSamskritiEnglishCommentary-7.,nothing,p,_idIndexMarker105,BharatiyaSamskritiEnglishCommentary-7/#p6
"Education, Aryan System273",BharatiyaSamskritiEnglishCommentary-38.,nothing,h2,_idIndexMarker363,BharatiyaSamskritiEnglishCommentary-38/#p1
"Ekamevadvitiyam9, 35, 119",BharatiyaSamskritiEnglishCommentary-3.,nothing,p,_idIndexMarker020,BharatiyaSamskritiEnglishCommentary-3/#p25
"Ekamevadvitiyam9, 35, 119",BharatiyaSamskritiEnglishCommentary-5.,nothing,p,_idIndexMarker049,BharatiyaSamskritiEnglishCommentary-5/#p20
"Ekamevadvitiyam9, 35, 119",BharatiyaSamskritiEnglishCommentary-13.,nothing,p,_idIndexMarker208,BharatiyaSamskritiEnglishCommentary-13/#p17
"Epic Literature201, 206",BharatiyaSamskritiEnglishCommentary-22.,nothing,p,_idIndexMarker306,BharatiyaSamskritiEnglishCommentary-22/#p17
"Epic Literature201, 206",BharatiyaSamskritiEnglishCommentary-22.,nothing,p,_idIndexMarker312,BharatiyaSamskritiEnglishCommentary-22/#p20
Erring Race8,BharatiyaSamskritiEnglishCommentary-3.,nothing,p,_idIndexMarker015,BharatiyaSamskritiEnglishCommentary-3/#p20
Escapist Tendency74,BharatiyaSamskritiEnglishCommentary-8.,nothing,p,_idIndexMarker128,BharatiyaSamskritiEnglishCommentary-8/#p9
Essential Spirit22,BharatiyaSamskritiEnglishCommentary-5.,nothing,h2,_idIndexMarker038,BharatiyaSamskritiEnglishCommentary-5/#p1
European Conception of Life100,BharatiyaSamskritiEnglishCommentary-12.,nothing,p,_idIndexMarker179,BharatiyaSamskritiEnglishCommentary-12/#p1
"European Nations, Unique Identity105",BharatiyaSamskritiEnglishCommentary-12.,nothing,p,_idIndexMarker185,BharatiyaSamskritiEnglishCommentary-12/#p4
Evening of Decline270,BharatiyaSamskritiEnglishCommentary-37.,nothing,p,_idIndexMarker361,BharatiyaSamskritiEnglishCommentary-37/#p5
Evolutionary Crisis41,BharatiyaSamskritiEnglishCommentary-5.,nothing,p,_idIndexMarker060,BharatiyaSamskritiEnglishCommentary-5/#p28
"Evolutionary Nature, Double Process119",BharatiyaSamskritiEnglishCommentary-13.,nothing,p,_idIndexMarker209,BharatiyaSamskritiEnglishCommentary-13/#p17
"Evolution/Involution5, 198",BharatiyaSamskritiEnglishCommentary-3.,nothing,p,_idIndexMarker003,BharatiyaSamskritiEnglishCommentary-3/#p14
"Evolution/Involution5, 198",BharatiyaSamskritiEnglishCommentary-22.,nothing,p,_idIndexMarker302,BharatiyaSamskritiEnglishCommentary-22/#p15
Externalised Outlook104,BharatiyaSamskritiEnglishCommentary-12.,nothing,p,_idIndexMarker184,BharatiyaSamskritiEnglishCommentary-12/#p4
Externalist turn83,BharatiyaSamskritiEnglishCommentary-10.,nothing,p,_idIndexMarker154,BharatiyaSamskritiEnglishCommentary-10/#p2
Famines in India65,BharatiyaSamskritiEnglishCommentary-7.,nothing,p,_idIndexMarker111,BharatiyaSamskritiEnglishCommentary-7/#p7
Fear and Desire120,BharatiyaSamskritiEnglishCommentary-13.,nothing,p,_idIndexMarker211,BharatiyaSamskritiEnglishCommentary-13/#p17
"Fourfold Order44, 133",BharatiyaSamskritiEnglishCommentary-5.,nothing,p,_idIndexMarker069,BharatiyaSamskritiEnglishCommentary-5/#p31
"Fourfold Order44, 133",BharatiyaSamskritiEnglishCommentary-14.,nothing,h4,_idIndexMarker237,BharatiyaSamskritiEnglishCommentary-14/#p4
Four Human Interests70,BharatiyaSamskritiEnglishCommentary-8.,nothing,p,_idIndexMarker118,BharatiyaSamskritiEnglishCommentary-8/#p1
Four Powers of Indian Spirit258,BharatiyaSamskritiEnglishCommentary-33.,nothing,h2,_idIndexMarker351,BharatiyaSamskritiEnglishCommentary-33/#p1
"Fraternity, the Only Base106",BharatiyaSamskritiEnglishCommentary-12.,nothing,p,_idIndexMarker190,BharatiyaSamskritiEnglishCommentary-12/#p5
French Revolution106,BharatiyaSamskritiEnglishCommentary-12.,nothing,p,_idIndexMarker189,BharatiyaSamskritiEnglishCommentary-12/#p5
"Fundamental Idea22, 25",BharatiyaSamskritiEnglishCommentary-5.,nothing,h2,_idIndexMarker037,BharatiyaSamskritiEnglishCommentary-5/#p1
"Fundamental Idea22, 25",BharatiyaSamskritiEnglishCommentary-5.,nothing,p,_idIndexMarker040,BharatiyaSamskritiEnglishCommentary-5/#p4
Fundamental Truth9,BharatiyaSamskritiEnglishCommentary-3.,nothing,p,_idIndexMarker021,BharatiyaSamskritiEnglishCommentary-3/#p25
Give up spirituality8,BharatiyaSamskritiEnglishCommentary-3.,nothing,p,_idIndexMarker018,BharatiyaSamskritiEnglishCommentary-3/#p21
Greek Civilisation12,BharatiyaSamskritiEnglishCommentary-3.,nothing,p,_idIndexMarker026,BharatiyaSamskritiEnglishCommentary-3/#p39
"Happiness, True31",BharatiyaSamskritiEnglishCommentary-5.,nothing,p,_idIndexMarker043,BharatiyaSamskritiEnglishCommentary-5/#p13
Hatred7,BharatiyaSamskritiEnglishCommentary-3.,nothing,p,_idIndexMarker014,BharatiyaSamskritiEnglishCommentary-3/#p19
Heavenly Archetype36,BharatiyaSamskritiEnglishCommentary-5.,nothing,p,_idIndexMarker051,BharatiyaSamskritiEnglishCommentary-5/#p21
"Henotheism193, 211",BharatiyaSamskritiEnglishCommentary-22.,nothing,p,_idIndexMarker296,BharatiyaSamskritiEnglishCommentary-22/#p10
"Henotheism193, 211",BharatiyaSamskritiEnglishCommentary-22.,nothing,p,_idIndexMarker315,BharatiyaSamskritiEnglishCommentary-22/#p25
Heredity142,BharatiyaSamskritiEnglishCommentary-14.,nothing,p,_idIndexMarker247,BharatiyaSamskritiEnglishCommentary-14/#p15
"Hinduism, Arguments Against81",BharatiyaSamskritiEnglishCommentary-10.,nothing,h4,_idIndexMarker153,BharatiyaSamskritiEnglishCommentary-10/#p1
"Hinduism, Principle of75",BharatiyaSamskritiEnglishCommentary-9.,nothing,p,_idIndexMarker135,BharatiyaSamskritiEnglishCommentary-9/#p1
Hindu Mind59,BharatiyaSamskritiEnglishCommentary-7.,nothing,p,_idIndexMarker099,BharatiyaSamskritiEnglishCommentary-7/#p2
Hindus14,BharatiyaSamskritiEnglishCommentary-3.,nothing,p,_idIndexMarker029,BharatiyaSamskritiEnglishCommentary-3/#p40
Hindu Temperament60,BharatiyaSamskritiEnglishCommentary-7.,nothing,p,_idIndexMarker101,BharatiyaSamskritiEnglishCommentary-7/#p2
Hindu Thought91,BharatiyaSamskritiEnglishCommentary-10.,nothing,p,_idIndexMarker167,BharatiyaSamskritiEnglishCommentary-10/#p17
"Human Existence, Truths of118",BharatiyaSamskritiEnglishCommentary-13.,nothing,h4,_idIndexMarker201,BharatiyaSamskritiEnglishCommentary-13/#p16
Hunger7,BharatiyaSamskritiEnglishCommentary-3.,nothing,p,_idIndexMarker011,BharatiyaSamskritiEnglishCommentary-3/#p19
Idol Worship89,BharatiyaSamskritiEnglishCommentary-10.,nothing,p,_idIndexMarker166,BharatiyaSamskritiEnglishCommentary-10/#p12
Immortality50,BharatiyaSamskritiEnglishCommentary-5.,nothing,p,_idIndexMarker083,BharatiyaSamskritiEnglishCommentary-5/#p38
Importance of Outer Expression84,BharatiyaSamskritiEnglishCommentary-10.,nothing,p,_idIndexMarker157,BharatiyaSamskritiEnglishCommentary-10/#p7
"India, a Living Being1",BharatiyaSamskritiEnglishCommentary-3.,nothing,p,_idIndexMarker000,BharatiyaSamskritiEnglishCommentary-3/#p1
"India, Future of319",BharatiyaSamskritiEnglishCommentary-52.,nothing,h2,_idIndexMarker389,BharatiyaSamskritiEnglishCommentary-52/#p1
Indian Asceticism73,BharatiyaSamskritiEnglishCommentary-8.,nothing,p,_idIndexMarker127,BharatiyaSamskritiEnglishCommentary-8/#p7
"Indian Civilisation, Religious Effort151",BharatiyaSamskritiEnglishCommentary-15.,nothing,p,_idIndexMarker255,BharatiyaSamskritiEnglishCommentary-15/#p1
"Indian Conception of Life107, 110",BharatiyaSamskritiEnglishCommentary-12.,nothing,p,_idIndexMarker191,BharatiyaSamskritiEnglishCommentary-12/#p6
"Indian Conception of Life107, 110",BharatiyaSamskritiEnglishCommentary-13.,nothing,h3,_idIndexMarker195,BharatiyaSamskritiEnglishCommentary-13/#p1
"Indian Culture, Ages of269",BharatiyaSamskritiEnglishCommentary-37.,nothing,p,_idIndexMarker359,BharatiyaSamskritiEnglishCommentary-37/#p3
"Indian culture, Peculiarity13",BharatiyaSamskritiEnglishCommentary-3.,nothing,p,_idIndexMarker028,BharatiyaSamskritiEnglishCommentary-3/#p40
"Indian culture, Problem before41, 43",BharatiyaSamskritiEnglishCommentary-5.,nothing,p,_idIndexMarker061,BharatiyaSamskritiEnglishCommentary-5/#p29
"Indian culture, Problem before41, 43",BharatiyaSamskritiEnglishCommentary-5.,nothing,p,_idIndexMarker065,BharatiyaSamskritiEnglishCommentary-5/#p30
"Indian culture, sense of107",BharatiyaSamskritiEnglishCommentary-12.,nothing,p,_idIndexMarker192,BharatiyaSamskritiEnglishCommentary-12/#p6
"Indian culture, three periods37",BharatiyaSamskritiEnglishCommentary-5.,nothing,p,_idIndexMarker056,BharatiyaSamskritiEnglishCommentary-5/#p24
"Indian Culture, three stages131",BharatiyaSamskritiEnglishCommentary-14.,nothing,h4,_idIndexMarker236,BharatiyaSamskritiEnglishCommentary-14/#p2
Indian epics53,BharatiyaSamskritiEnglishCommentary-5.,nothing,p,_idIndexMarker090,BharatiyaSamskritiEnglishCommentary-5/#p39
"Indian literature54, 252",BharatiyaSamskritiEnglishCommentary-5.,nothing,p,_idIndexMarker093,BharatiyaSamskritiEnglishCommentary-5/#p41
"Indian literature54, 252",BharatiyaSamskritiEnglishCommentary-30.,nothing,p,_idIndexMarker344,BharatiyaSamskritiEnglishCommentary-30/#p5
"Indian Mind48, 70",BharatiyaSamskritiEnglishCommentary-5.,nothing,p,_idIndexMarker081,BharatiyaSamskritiEnglishCommentary-5/#p38
"Indian Mind48, 70",BharatiyaSamskritiEnglishCommentary-8.,nothing,p,_idIndexMarker121,BharatiyaSamskritiEnglishCommentary-8/#p2
Indian Monarchical State294,BharatiyaSamskritiEnglishCommentary-45.,nothing,h2,_idIndexMarker372,BharatiyaSamskritiEnglishCommentary-45/#p1
"Indian philosophy75, 76",BharatiyaSamskritiEnglishCommentary-9.,nothing,p,_idIndexMarker134,BharatiyaSamskritiEnglishCommentary-9/#p1
"Indian philosophy75, 76",BharatiyaSamskritiEnglishCommentary-9.,nothing,p,_idIndexMarker137,BharatiyaSamskritiEnglishCommentary-9/#p2
Indian Polity291,BharatiyaSamskritiEnglishCommentary-43.,nothing,h1,_idIndexMarker371,BharatiyaSamskritiEnglishCommentary-43/#p2
Indian Religion75,BharatiyaSamskritiEnglishCommentary-9.,nothing,p,_idIndexMarker133,BharatiyaSamskritiEnglishCommentary-9/#p1
"Indian Religion, forms of185",BharatiyaSamskritiEnglishCommentary-22.,nothing,h3,_idIndexMarker289,BharatiyaSamskritiEnglishCommentary-22/#p1
"Indian Religion, three fundamentals160",BharatiyaSamskritiEnglishCommentary-18.,nothing,h3,_idIndexMarker265,BharatiyaSamskritiEnglishCommentary-18/#p1
"Indian Religion, work of76",BharatiyaSamskritiEnglishCommentary-9.,nothing,p,_idIndexMarker136,BharatiyaSamskritiEnglishCommentary-9/#p2
Indian Science61,BharatiyaSamskritiEnglishCommentary-7.,nothing,p,_idIndexMarker103,BharatiyaSamskritiEnglishCommentary-7/#p5
Indian Spirituality181,BharatiyaSamskritiEnglishCommentary-21.,nothing,p,_idIndexMarker281,BharatiyaSamskritiEnglishCommentary-21/#p2
Indian View104,BharatiyaSamskritiEnglishCommentary-12.,nothing,p,_idIndexMarker183,BharatiyaSamskritiEnglishCommentary-12/#p3
Indian vs. European Culture156,BharatiyaSamskritiEnglishCommentary-16.,nothing,h3,_idIndexMarker260,BharatiyaSamskritiEnglishCommentary-16/#p1
Indian vs. European Mentality19,BharatiyaSamskritiEnglishCommentary-4.,nothing,p,_idIndexMarker035,BharatiyaSamskritiEnglishCommentary-4/#p4
Indian/Western Politics313,BharatiyaSamskritiEnglishCommentary-50.,nothing,p,_idIndexMarker384,BharatiyaSamskritiEnglishCommentary-50/#p9
India’s central conception32,BharatiyaSamskritiEnglishCommentary-5.,nothing,p,_idIndexMarker045,BharatiyaSamskritiEnglishCommentary-5/#p13
"India’s Mission10, 15, 106",BharatiyaSamskritiEnglishCommentary-3.,nothing,p,_idIndexMarker022,BharatiyaSamskritiEnglishCommentary-3/#p30
"India’s Mission10, 15, 106",BharatiyaSamskritiEnglishCommentary-3.,nothing,p,_idIndexMarker031,BharatiyaSamskritiEnglishCommentary-3/#p44
"India’s Mission10, 15, 106",BharatiyaSamskritiEnglishCommentary-12.,nothing,p,_idIndexMarker187,BharatiyaSamskritiEnglishCommentary-12/#p4
India vs. West29,BharatiyaSamskritiEnglishCommentary-5.,nothing,p,_idIndexMarker042,BharatiyaSamskritiEnglishCommentary-5/#p11
Individual Soul1,BharatiyaSamskritiEnglishCommentary-3.,nothing,p,_idIndexMarker001,BharatiyaSamskritiEnglishCommentary-3/#p2
Individual vs. Society122,BharatiyaSamskritiEnglishCommentary-13.,nothing,p,_idIndexMarker219,BharatiyaSamskritiEnglishCommentary-13/#p19
Initiate vs. Ordinary man195,BharatiyaSamskritiEnglishCommentary-22.,nothing,p,_idIndexMarker297,BharatiyaSamskritiEnglishCommentary-22/#p12
Islam178,BharatiyaSamskritiEnglishCommentary-20.,nothing,p,_idIndexMarker278,BharatiyaSamskritiEnglishCommentary-20/#p7
Iṣṭa-devatā234,BharatiyaSamskritiEnglishCommentary-23.,nothing,p,_idIndexMarker335,BharatiyaSamskritiEnglishCommentary-23/#p23
Jaḍavat183,BharatiyaSamskritiEnglishCommentary-21.,nothing,p,_idIndexMarker283,BharatiyaSamskritiEnglishCommentary-21/#p3
Jagat-pranam154,BharatiyaSamskritiEnglishCommentary-15.,nothing,p,_idIndexMarker259,BharatiyaSamskritiEnglishCommentary-15/#p3
"Jainism92, 169",BharatiyaSamskritiEnglishCommentary-10.,nothing,p,_idIndexMarker169,BharatiyaSamskritiEnglishCommentary-10/#p17
"Jainism92, 169",BharatiyaSamskritiEnglishCommentary-19.,nothing,p,_idIndexMarker270,BharatiyaSamskritiEnglishCommentary-19/#p2
Jains159,BharatiyaSamskritiEnglishCommentary-17.,nothing,p,_idIndexMarker263,BharatiyaSamskritiEnglishCommentary-17/#p1
Janmanā Jāyate Shūdrah147,BharatiyaSamskritiEnglishCommentary-14.,nothing,p,_idIndexMarker251,BharatiyaSamskritiEnglishCommentary-14/#p20
"Judging a culture, standards17",BharatiyaSamskritiEnglishCommentary-4.,nothing,p,_idIndexMarker033,BharatiyaSamskritiEnglishCommentary-4/#p1
"Kāma46, 70, 118, 119",BharatiyaSamskritiEnglishCommentary-5.,nothing,p,_idIndexMarker078,BharatiyaSamskritiEnglishCommentary-5/#p35
"Kāma46, 70, 118, 119",BharatiyaSamskritiEnglishCommentary-8.,nothing,p,_idIndexMarker119,BharatiyaSamskritiEnglishCommentary-8/#p1
"Kāma46, 70, 118, 119",BharatiyaSamskritiEnglishCommentary-13.,nothing,p,_idIndexMarker202,BharatiyaSamskritiEnglishCommentary-13/#p16
"Kāma46, 70, 118, 119",BharatiyaSamskritiEnglishCommentary-13.,nothing,p,_idIndexMarker207,BharatiyaSamskritiEnglishCommentary-13/#p17
Karl Marx on Indian Religion86,BharatiyaSamskritiEnglishCommentary-10.,nothing,p,_idIndexMarker162,BharatiyaSamskritiEnglishCommentary-10/#p9
Karmakanda/Ritualism80,BharatiyaSamskritiEnglishCommentary-9.,nothing,p,_idIndexMarker151,BharatiyaSamskritiEnglishCommentary-9/#p3
"Krishnaprem146, 197, 220",BharatiyaSamskritiEnglishCommentary-14.,nothing,p,_idIndexMarker250,BharatiyaSamskritiEnglishCommentary-14/#p19
"Krishnaprem146, 197, 220",BharatiyaSamskritiEnglishCommentary-22.,nothing,p,_idIndexMarker299,BharatiyaSamskritiEnglishCommentary-22/#p13
"Krishnaprem146, 197, 220",BharatiyaSamskritiEnglishCommentary-22.,nothing,p,_idIndexMarker324,BharatiyaSamskritiEnglishCommentary-22/#p34
"Kshatriya79, 138, 254",BharatiyaSamskritiEnglishCommentary-9.,nothing,p,_idIndexMarker147,BharatiyaSamskritiEnglishCommentary-9/#p3
"Kshatriya79, 138, 254",BharatiyaSamskritiEnglishCommentary-14.,nothing,p,_idIndexMarker243,BharatiyaSamskritiEnglishCommentary-14/#p12
"Kshatriya79, 138, 254",BharatiyaSamskritiEnglishCommentary-32.,nothing,p,_idIndexMarker347,BharatiyaSamskritiEnglishCommentary-32/#p1
Kuladharma174,BharatiyaSamskritiEnglishCommentary-20.,nothing,p,_idIndexMarker275,BharatiyaSamskritiEnglishCommentary-20/#p1
Laboratory5,BharatiyaSamskritiEnglishCommentary-3.,nothing,p,_idIndexMarker005,BharatiyaSamskritiEnglishCommentary-3/#p15
Literature53,BharatiyaSamskritiEnglishCommentary-5.,nothing,p,_idIndexMarker091,BharatiyaSamskritiEnglishCommentary-5/#p40
Loka198,BharatiyaSamskritiEnglishCommentary-22.,nothing,p,_idIndexMarker303,BharatiyaSamskritiEnglishCommentary-22/#p15
Macaulay319,BharatiyaSamskritiEnglishCommentary-52.,nothing,p,_idIndexMarker390,BharatiyaSamskritiEnglishCommentary-52/#p1
"Magician, consciousness of36",BharatiyaSamskritiEnglishCommentary-5.,nothing,p,_idIndexMarker053,BharatiyaSamskritiEnglishCommentary-5/#p21
"Maheshwari, Mahakali, Mahalakshmi, Mahasaraswati44, 137",BharatiyaSamskritiEnglishCommentary-5.,nothing,p,_idIndexMarker071,BharatiyaSamskritiEnglishCommentary-5/#p32
"Maheshwari, Mahakali, Mahalakshmi, Mahasaraswati44, 137",BharatiyaSamskritiEnglishCommentary-14.,nothing,p,_idIndexMarker240,BharatiyaSamskritiEnglishCommentary-14/#p11
Mahrattas318,BharatiyaSamskritiEnglishCommentary-51.,nothing,p,_idIndexMarker387,BharatiyaSamskritiEnglishCommentary-51/#p1
Maladies of mankind8,BharatiyaSamskritiEnglishCommentary-3.,nothing,p,_idIndexMarker016,BharatiyaSamskritiEnglishCommentary-3/#p21
Maladies of soul7,BharatiyaSamskritiEnglishCommentary-3.,nothing,p,_idIndexMarker006,BharatiyaSamskritiEnglishCommentary-3/#p18
Man in India/West108,BharatiyaSamskritiEnglishCommentary-12.,nothing,p,_idIndexMarker194,BharatiyaSamskritiEnglishCommentary-12/#p7
Manu298,BharatiyaSamskritiEnglishCommentary-45.,nothing,p,_idIndexMarker374,BharatiyaSamskritiEnglishCommentary-45/#p7
Marriage hymn78,BharatiyaSamskritiEnglishCommentary-9.,nothing,p,_idIndexMarker141,BharatiyaSamskritiEnglishCommentary-9/#p3
"Material Existence, principle of7",BharatiyaSamskritiEnglishCommentary-3.,nothing,p,_idIndexMarker013,BharatiyaSamskritiEnglishCommentary-3/#p19
Materialistic culture120,BharatiyaSamskritiEnglishCommentary-13.,nothing,p,_idIndexMarker216,BharatiyaSamskritiEnglishCommentary-13/#p18
Materialistic Scientific View103,BharatiyaSamskritiEnglishCommentary-12.,nothing,p,_idIndexMarker182,BharatiyaSamskritiEnglishCommentary-12/#p3
"Max Muller87, 88",BharatiyaSamskritiEnglishCommentary-10.,nothing,p,_idIndexMarker163,BharatiyaSamskritiEnglishCommentary-10/#p10
"Max Muller87, 88",BharatiyaSamskritiEnglishCommentary-10.,nothing,p,_idIndexMarker165,BharatiyaSamskritiEnglishCommentary-10/#p10
Mayavada72,BharatiyaSamskritiEnglishCommentary-8.,nothing,p,_idIndexMarker126,BharatiyaSamskritiEnglishCommentary-8/#p6
"Mleccha15, 124",BharatiyaSamskritiEnglishCommentary-3.,nothing,p,_idIndexMarker032,BharatiyaSamskritiEnglishCommentary-3/#p44
"Mleccha15, 124",BharatiyaSamskritiEnglishCommentary-13.,nothing,p,_idIndexMarker225,BharatiyaSamskritiEnglishCommentary-13/#p22
Moksha128,BharatiyaSamskritiEnglishCommentary-13.,nothing,h4,_idIndexMarker234,BharatiyaSamskritiEnglishCommentary-13/#p25
Morality92,BharatiyaSamskritiEnglishCommentary-10.,nothing,p,_idIndexMarker170,BharatiyaSamskritiEnglishCommentary-10/#p18
Morality and Spirituality93,BharatiyaSamskritiEnglishCommentary-10.,nothing,p,_idIndexMarker171,BharatiyaSamskritiEnglishCommentary-10/#p20
Moral training93,BharatiyaSamskritiEnglishCommentary-10.,nothing,p,_idIndexMarker172,BharatiyaSamskritiEnglishCommentary-10/#p20
Mud of Indian Ocean58,BharatiyaSamskritiEnglishCommentary-6.,nothing,p,_idIndexMarker098,BharatiyaSamskritiEnglishCommentary-6/#p9
Mukti128,BharatiyaSamskritiEnglishCommentary-13.,nothing,h4,_idIndexMarker235,BharatiyaSamskritiEnglishCommentary-13/#p25
Muslim Conquest318,BharatiyaSamskritiEnglishCommentary-51.,nothing,h2,_idIndexMarker385,BharatiyaSamskritiEnglishCommentary-51/#p1
"Nationalism106, 321",BharatiyaSamskritiEnglishCommentary-12.,nothing,p,_idIndexMarker188,BharatiyaSamskritiEnglishCommentary-12/#p4
"Nationalism106, 321",BharatiyaSamskritiEnglishCommentary-52.,nothing,p,_idIndexMarker391,BharatiyaSamskritiEnglishCommentary-52/#p3
Nick Robins65,BharatiyaSamskritiEnglishCommentary-7.,nothing,p,_idIndexMarker109,BharatiyaSamskritiEnglishCommentary-7/#p7
Ochre robe51,BharatiyaSamskritiEnglishCommentary-5.,nothing,p,_idIndexMarker089,BharatiyaSamskritiEnglishCommentary-5/#p39
One person9,BharatiyaSamskritiEnglishCommentary-3.,nothing,p,_idIndexMarker019,BharatiyaSamskritiEnglishCommentary-3/#p24
"Other-worldly tendency51, 67, 74, 99, 110",BharatiyaSamskritiEnglishCommentary-5.,nothing,p,_idIndexMarker085,BharatiyaSamskritiEnglishCommentary-5/#p39
"Other-worldly tendency51, 67, 74, 99, 110",BharatiyaSamskritiEnglishCommentary-7.,nothing,p,_idIndexMarker113,BharatiyaSamskritiEnglishCommentary-7/#p10
"Other-worldly tendency51, 67, 74, 99, 110",BharatiyaSamskritiEnglishCommentary-8.,nothing,p,_idIndexMarker129,BharatiyaSamskritiEnglishCommentary-8/#p9
"Other-worldly tendency51, 67, 74, 99, 110",BharatiyaSamskritiEnglishCommentary-10.,nothing,p,_idIndexMarker177,BharatiyaSamskritiEnglishCommentary-10/#p27
"Other-worldly tendency51, 67, 74, 99, 110",BharatiyaSamskritiEnglishCommentary-13.,nothing,p,_idIndexMarker197,BharatiyaSamskritiEnglishCommentary-13/#p1
"Paganism85, 119",BharatiyaSamskritiEnglishCommentary-10.,nothing,h4,_idIndexMarker158,BharatiyaSamskritiEnglishCommentary-10/#p8
"Paganism85, 119",BharatiyaSamskritiEnglishCommentary-13.,nothing,p,_idIndexMarker204,BharatiyaSamskritiEnglishCommentary-13/#p16
Para/apara vidya238,BharatiyaSamskritiEnglishCommentary-25.,nothing,p,_idIndexMarker339,BharatiyaSamskritiEnglishCommentary-25/#p5
Paths of Approaching Truth77,BharatiyaSamskritiEnglishCommentary-9.,nothing,p,_idIndexMarker139,BharatiyaSamskritiEnglishCommentary-9/#p3
"Perception, First222",BharatiyaSamskritiEnglishCommentary-23.,nothing,h4,_idIndexMarker326,BharatiyaSamskritiEnglishCommentary-23/#p4
"Perception, Second222",BharatiyaSamskritiEnglishCommentary-23.,nothing,h4,_idIndexMarker327,BharatiyaSamskritiEnglishCommentary-23/#p5
Piśācavat183,BharatiyaSamskritiEnglishCommentary-21.,nothing,p,_idIndexMarker287,BharatiyaSamskritiEnglishCommentary-21/#p3
Political Unification in India300,BharatiyaSamskritiEnglishCommentary-46.,nothing,h2,_idIndexMarker376,BharatiyaSamskritiEnglishCommentary-46/#p3
"Polytheism, Indian161",BharatiyaSamskritiEnglishCommentary-18.,nothing,p,_idIndexMarker266,BharatiyaSamskritiEnglishCommentary-18/#p13
"Post-Vedic Age47, 201",BharatiyaSamskritiEnglishCommentary-5.,nothing,p,_idIndexMarker080,BharatiyaSamskritiEnglishCommentary-5/#p36
"Post-Vedic Age47, 201",BharatiyaSamskritiEnglishCommentary-22.,nothing,h4,_idIndexMarker305,BharatiyaSamskritiEnglishCommentary-22/#p16
Poverty in India64,BharatiyaSamskritiEnglishCommentary-7.,nothing,p,_idIndexMarker108,BharatiyaSamskritiEnglishCommentary-7/#p7
"Pratyaksha, Anumana, Aptabachan197",BharatiyaSamskritiEnglishCommentary-22.,nothing,p,_idIndexMarker300,BharatiyaSamskritiEnglishCommentary-22/#p13
Present Crisis21,BharatiyaSamskritiEnglishCommentary-4.,nothing,p,_idIndexMarker036,BharatiyaSamskritiEnglishCommentary-4/#p6
Proud Nations of West11,BharatiyaSamskritiEnglishCommentary-3.,nothing,p,_idIndexMarker025,BharatiyaSamskritiEnglishCommentary-3/#p37
Punya Bhumi153,BharatiyaSamskritiEnglishCommentary-15.,nothing,p,_idIndexMarker257,BharatiyaSamskritiEnglishCommentary-15/#p2
Purano-Tantric Stage208,BharatiyaSamskritiEnglishCommentary-22.,nothing,h4,_idIndexMarker314,BharatiyaSamskritiEnglishCommentary-22/#p23
Purushartha70,BharatiyaSamskritiEnglishCommentary-8.,nothing,p,_idIndexMarker117,BharatiyaSamskritiEnglishCommentary-8/#p1
Purushasukta79,BharatiyaSamskritiEnglishCommentary-9.,nothing,p,_idIndexMarker145,BharatiyaSamskritiEnglishCommentary-9/#p3
Rabindranath Tagore114,BharatiyaSamskritiEnglishCommentary-13.,nothing,p,_idIndexMarker199,BharatiyaSamskritiEnglishCommentary-13/#p4
Rajasuya307,BharatiyaSamskritiEnglishCommentary-50.,nothing,p,_idIndexMarker380,BharatiyaSamskritiEnglishCommentary-50/#p1
Rajputs318,BharatiyaSamskritiEnglishCommentary-51.,nothing,p,_idIndexMarker388,BharatiyaSamskritiEnglishCommentary-51/#p1
"Ramakrishna205, 216, 217, 289, 322",BharatiyaSamskritiEnglishCommentary-22.,nothing,p,_idIndexMarker310,BharatiyaSamskritiEnglishCommentary-22/#p19
"Ramakrishna205, 216, 217, 289, 322",BharatiyaSamskritiEnglishCommentary-22.,nothing,p,_idIndexMarker318,BharatiyaSamskritiEnglishCommentary-22/#p32
"Ramakrishna205, 216, 217, 289, 322",BharatiyaSamskritiEnglishCommentary-22.,nothing,p,_idIndexMarker321,BharatiyaSamskritiEnglishCommentary-22/#p33
"Ramakrishna205, 216, 217, 289, 322",BharatiyaSamskritiEnglishCommentary-42.,nothing,p,_idIndexMarker370,BharatiyaSamskritiEnglishCommentary-42/#p1
"Ramakrishna205, 216, 217, 289, 322",BharatiyaSamskritiEnglishCommentary-52.,nothing,p,_idIndexMarker392,BharatiyaSamskritiEnglishCommentary-52/#p6
Ramesh Chandra Dutta64,BharatiyaSamskritiEnglishCommentary-7.,nothing,p,_idIndexMarker107,BharatiyaSamskritiEnglishCommentary-7/#p6
Rebirth comes by258,BharatiyaSamskritiEnglishCommentary-32.,nothing,p,_idIndexMarker350,BharatiyaSamskritiEnglishCommentary-32/#p5
"Religion, task of179",BharatiyaSamskritiEnglishCommentary-21.,nothing,p,_idIndexMarker279,BharatiyaSamskritiEnglishCommentary-21/#p1
Religious Oppression296,BharatiyaSamskritiEnglishCommentary-45.,nothing,p,_idIndexMarker373,BharatiyaSamskritiEnglishCommentary-45/#p4
"Rishi14, 235",BharatiyaSamskritiEnglishCommentary-3.,nothing,p,_idIndexMarker030,BharatiyaSamskritiEnglishCommentary-3/#p40
"Rishi14, 235",BharatiyaSamskritiEnglishCommentary-25.,nothing,p,_idIndexMarker336,BharatiyaSamskritiEnglishCommentary-25/#p1
Ritualism/Karmakanda80,BharatiyaSamskritiEnglishCommentary-9.,nothing,p,_idIndexMarker150,BharatiyaSamskritiEnglishCommentary-9/#p3
Roman Civilisation12,BharatiyaSamskritiEnglishCommentary-3.,nothing,p,_idIndexMarker027,BharatiyaSamskritiEnglishCommentary-3/#p39
Sachchidananda183,BharatiyaSamskritiEnglishCommentary-21.,nothing,p,_idIndexMarker285,BharatiyaSamskritiEnglishCommentary-21/#p3
"Sacrifice, making sacred74",BharatiyaSamskritiEnglishCommentary-8.,nothing,p,_idIndexMarker131,BharatiyaSamskritiEnglishCommentary-8/#p9
Sādhu123,BharatiyaSamskritiEnglishCommentary-13.,nothing,p,_idIndexMarker222,BharatiyaSamskritiEnglishCommentary-13/#p20
Sajjana123,BharatiyaSamskritiEnglishCommentary-13.,nothing,p,_idIndexMarker221,BharatiyaSamskritiEnglishCommentary-13/#p20
"Sanatana Dharma23, 33, 43, 78, 97, 151, 157, 182",BharatiyaSamskritiEnglishCommentary-5.,nothing,p,_idIndexMarker039,BharatiyaSamskritiEnglishCommentary-5/#p3
"Sanatana Dharma23, 33, 43, 78, 97, 151, 157, 182",BharatiyaSamskritiEnglishCommentary-5.,nothing,p,_idIndexMarker047,BharatiyaSamskritiEnglishCommentary-5/#p15
"Sanatana Dharma23, 33, 43, 78, 97, 151, 157, 182",BharatiyaSamskritiEnglishCommentary-5.,nothing,p,_idIndexMarker066,BharatiyaSamskritiEnglishCommentary-5/#p30
"Sanatana Dharma23, 33, 43, 78, 97, 151, 157, 182",BharatiyaSamskritiEnglishCommentary-9.,nothing,p,_idIndexMarker140,BharatiyaSamskritiEnglishCommentary-9/#p3
"Sanatana Dharma23, 33, 43, 78, 97, 151, 157, 182",BharatiyaSamskritiEnglishCommentary-10.,nothing,p,_idIndexMarker176,BharatiyaSamskritiEnglishCommentary-10/#p24
"Sanatana Dharma23, 33, 43, 78, 97, 151, 157, 182",BharatiyaSamskritiEnglishCommentary-15.,nothing,h2,_idIndexMarker254,BharatiyaSamskritiEnglishCommentary-15/#p1
"Sanatana Dharma23, 33, 43, 78, 97, 151, 157, 182",BharatiyaSamskritiEnglishCommentary-16.,nothing,p,_idIndexMarker261,BharatiyaSamskritiEnglishCommentary-16/#p1
"Sanatana Dharma23, 33, 43, 78, 97, 151, 157, 182",BharatiyaSamskritiEnglishCommentary-21.,nothing,p,_idIndexMarker282,BharatiyaSamskritiEnglishCommentary-21/#p3
Sankhya120,BharatiyaSamskritiEnglishCommentary-13.,nothing,p,_idIndexMarker214,BharatiyaSamskritiEnglishCommentary-13/#p17
Sanskrit54,BharatiyaSamskritiEnglishCommentary-5.,nothing,p,_idIndexMarker092,BharatiyaSamskritiEnglishCommentary-5/#p40
"Sattva, Rajas, Tamas278",BharatiyaSamskritiEnglishCommentary-41.,nothing,p,_idIndexMarker367,BharatiyaSamskritiEnglishCommentary-41/#p1
"Science, a bagatelle36",BharatiyaSamskritiEnglishCommentary-5.,nothing,p,_idIndexMarker054,BharatiyaSamskritiEnglishCommentary-5/#p21
"Science, Approach of36",BharatiyaSamskritiEnglishCommentary-5.,nothing,p,_idIndexMarker052,BharatiyaSamskritiEnglishCommentary-5/#p21
"Seed-time36, 39",BharatiyaSamskritiEnglishCommentary-5.,nothing,p,_idIndexMarker055,BharatiyaSamskritiEnglishCommentary-5/#p23
"Seed-time36, 39",BharatiyaSamskritiEnglishCommentary-5.,nothing,p,_idIndexMarker057,BharatiyaSamskritiEnglishCommentary-5/#p26
Self-interest120,BharatiyaSamskritiEnglishCommentary-13.,nothing,p,_idIndexMarker213,BharatiyaSamskritiEnglishCommentary-13/#p17
"Selfishness, what is7",BharatiyaSamskritiEnglishCommentary-3.,nothing,p,_idIndexMarker007,BharatiyaSamskritiEnglishCommentary-3/#p19
"Shankara70, 72, 74",BharatiyaSamskritiEnglishCommentary-8.,nothing,p,_idIndexMarker116,BharatiyaSamskritiEnglishCommentary-8/#p1
"Shankara70, 72, 74",BharatiyaSamskritiEnglishCommentary-8.,nothing,p,_idIndexMarker124,BharatiyaSamskritiEnglishCommentary-8/#p6
"Shankara70, 72, 74",BharatiyaSamskritiEnglishCommentary-8.,nothing,p,_idIndexMarker130,BharatiyaSamskritiEnglishCommentary-8/#p9
Shankaracharya178,BharatiyaSamskritiEnglishCommentary-20.,nothing,p,_idIndexMarker277,BharatiyaSamskritiEnglishCommentary-20/#p7
"Shastra61, 235",BharatiyaSamskritiEnglishCommentary-7.,nothing,p,_idIndexMarker102,BharatiyaSamskritiEnglishCommentary-7/#p4
"Shastra61, 235",BharatiyaSamskritiEnglishCommentary-25.,nothing,p,_idIndexMarker337,BharatiyaSamskritiEnglishCommentary-25/#p1
"Shastras45, 244",BharatiyaSamskritiEnglishCommentary-5.,nothing,p,_idIndexMarker072,BharatiyaSamskritiEnglishCommentary-5/#p32
"Shastras45, 244",BharatiyaSamskritiEnglishCommentary-28.,nothing,h3,_idIndexMarker342,BharatiyaSamskritiEnglishCommentary-28/#p1
"Shudra79, 139, 145, 188, 233, 254",BharatiyaSamskritiEnglishCommentary-9.,nothing,p,_idIndexMarker149,BharatiyaSamskritiEnglishCommentary-9/#p3
"Shudra79, 139, 145, 188, 233, 254",BharatiyaSamskritiEnglishCommentary-14.,nothing,p,_idIndexMarker245,BharatiyaSamskritiEnglishCommentary-14/#p12
"Shudra79, 139, 145, 188, 233, 254",BharatiyaSamskritiEnglishCommentary-14.,nothing,p,_idIndexMarker249,BharatiyaSamskritiEnglishCommentary-14/#p17
"Shudra79, 139, 145, 188, 233, 254",BharatiyaSamskritiEnglishCommentary-22.,nothing,p,_idIndexMarker292,BharatiyaSamskritiEnglishCommentary-22/#p3
"Shudra79, 139, 145, 188, 233, 254",BharatiyaSamskritiEnglishCommentary-23.,nothing,p,_idIndexMarker333,BharatiyaSamskritiEnglishCommentary-23/#p21
"Shudra79, 139, 145, 188, 233, 254",BharatiyaSamskritiEnglishCommentary-32.,nothing,p,_idIndexMarker349,BharatiyaSamskritiEnglishCommentary-32/#p1
Sikhism159,BharatiyaSamskritiEnglishCommentary-17.,nothing,p,_idIndexMarker262,BharatiyaSamskritiEnglishCommentary-17/#p1
Six Darshanas217,BharatiyaSamskritiEnglishCommentary-22.,nothing,p,_idIndexMarker319,BharatiyaSamskritiEnglishCommentary-22/#p33
Sounding the Extremes266,BharatiyaSamskritiEnglishCommentary-37.,nothing,h3,_idIndexMarker356,BharatiyaSamskritiEnglishCommentary-37/#p1
Sowing of wild oats93,BharatiyaSamskritiEnglishCommentary-10.,nothing,p,_idIndexMarker173,BharatiyaSamskritiEnglishCommentary-10/#p20
Special place5,BharatiyaSamskritiEnglishCommentary-3.,nothing,p,_idIndexMarker004,BharatiyaSamskritiEnglishCommentary-3/#p14
Spiritual age269,BharatiyaSamskritiEnglishCommentary-37.,nothing,p,_idIndexMarker360,BharatiyaSamskritiEnglishCommentary-37/#p3
Spirituality258,BharatiyaSamskritiEnglishCommentary-34.,nothing,h3,_idIndexMarker352,BharatiyaSamskritiEnglishCommentary-34/#p1
"Spirituality, Task of179",BharatiyaSamskritiEnglishCommentary-21.,nothing,p,_idIndexMarker280,BharatiyaSamskritiEnglishCommentary-21/#p1
Spiritual Urge51,BharatiyaSamskritiEnglishCommentary-5.,nothing,p,_idIndexMarker086,BharatiyaSamskritiEnglishCommentary-5/#p39
Spiritual vs. Material View34,BharatiyaSamskritiEnglishCommentary-5.,nothing,p,_idIndexMarker048,BharatiyaSamskritiEnglishCommentary-5/#p19
Śreṣṭha123,BharatiyaSamskritiEnglishCommentary-13.,nothing,p,_idIndexMarker220,BharatiyaSamskritiEnglishCommentary-13/#p20
Sri Aurobindo’s View41,BharatiyaSamskritiEnglishCommentary-5.,nothing,p,_idIndexMarker059,BharatiyaSamskritiEnglishCommentary-5/#p28
Strong Intellectuality263,BharatiyaSamskritiEnglishCommentary-36.,nothing,h3,_idIndexMarker354,BharatiyaSamskritiEnglishCommentary-36/#p1
"Stupendous Vitality69, 260",BharatiyaSamskritiEnglishCommentary-7.,nothing,p,_idIndexMarker115,BharatiyaSamskritiEnglishCommentary-7/#p14
"Stupendous Vitality69, 260",BharatiyaSamskritiEnglishCommentary-35.,nothing,h3,_idIndexMarker353,BharatiyaSamskritiEnglishCommentary-35/#p1
Śukra-Nīti71,BharatiyaSamskritiEnglishCommentary-8.,nothing,p,_idIndexMarker122,BharatiyaSamskritiEnglishCommentary-8/#p2
Sulba Sutras63,BharatiyaSamskritiEnglishCommentary-7.,nothing,p,_idIndexMarker104,BharatiyaSamskritiEnglishCommentary-7/#p6
Sun198,BharatiyaSamskritiEnglishCommentary-22.,nothing,p,_idIndexMarker301,BharatiyaSamskritiEnglishCommentary-22/#p14
Supermind11,BharatiyaSamskritiEnglishCommentary-3.,nothing,p,_idIndexMarker024,BharatiyaSamskritiEnglishCommentary-3/#p34
Surya189,BharatiyaSamskritiEnglishCommentary-22.,nothing,p,_idIndexMarker293,BharatiyaSamskritiEnglishCommentary-22/#p4
Svadharma127,BharatiyaSamskritiEnglishCommentary-13.,nothing,p,_idIndexMarker231,BharatiyaSamskritiEnglishCommentary-13/#p23
"Swabhava44, 126, 234",BharatiyaSamskritiEnglishCommentary-5.,nothing,p,_idIndexMarker070,BharatiyaSamskritiEnglishCommentary-5/#p31
"Swabhava44, 126, 234",BharatiyaSamskritiEnglishCommentary-13.,nothing,p,_idIndexMarker227,BharatiyaSamskritiEnglishCommentary-13/#p23
"Swabhava44, 126, 234",BharatiyaSamskritiEnglishCommentary-23.,nothing,p,_idIndexMarker334,BharatiyaSamskritiEnglishCommentary-23/#p23
"Swabhava-Niyata Karma127, 138",BharatiyaSamskritiEnglishCommentary-13.,nothing,p,_idIndexMarker229,BharatiyaSamskritiEnglishCommentary-13/#p23
"Swabhava-Niyata Karma127, 138",BharatiyaSamskritiEnglishCommentary-14.,nothing,p,_idIndexMarker241,BharatiyaSamskritiEnglishCommentary-14/#p12
Synthetic Impulse266,BharatiyaSamskritiEnglishCommentary-37.,nothing,h3,_idIndexMarker357,BharatiyaSamskritiEnglishCommentary-37/#p1
Tagore’s Presidential Address114,BharatiyaSamskritiEnglishCommentary-13.,nothing,p,_idIndexMarker200,BharatiyaSamskritiEnglishCommentary-13/#p4
"Tantra50, 215",BharatiyaSamskritiEnglishCommentary-5.,nothing,p,_idIndexMarker082,BharatiyaSamskritiEnglishCommentary-5/#p38
"Tantra50, 215",BharatiyaSamskritiEnglishCommentary-22.,nothing,p,_idIndexMarker317,BharatiyaSamskritiEnglishCommentary-22/#p29
Three Gunas278,BharatiyaSamskritiEnglishCommentary-41.,nothing,h3,_idIndexMarker366,BharatiyaSamskritiEnglishCommentary-41/#p1
"Triple Quartette127, 223",BharatiyaSamskritiEnglishCommentary-13.,nothing,p,_idIndexMarker233,BharatiyaSamskritiEnglishCommentary-13/#p23
"Triple Quartette127, 223",BharatiyaSamskritiEnglishCommentary-23.,nothing,h4,_idIndexMarker328,BharatiyaSamskritiEnglishCommentary-23/#p6
True Fountain36,BharatiyaSamskritiEnglishCommentary-5.,nothing,p,_idIndexMarker050,BharatiyaSamskritiEnglishCommentary-5/#p21
True Happiness31,BharatiyaSamskritiEnglishCommentary-5.,nothing,p,_idIndexMarker044,BharatiyaSamskritiEnglishCommentary-5/#p13
Two Obstacles322,BharatiyaSamskritiEnglishCommentary-52.,nothing,p,_idIndexMarker394,BharatiyaSamskritiEnglishCommentary-52/#p7
Unique identity of nation105,BharatiyaSamskritiEnglishCommentary-12.,nothing,p,_idIndexMarker186,BharatiyaSamskritiEnglishCommentary-12/#p4
Unmattavat183,BharatiyaSamskritiEnglishCommentary-21.,nothing,p,_idIndexMarker286,BharatiyaSamskritiEnglishCommentary-21/#p3
Utilitarianism103,BharatiyaSamskritiEnglishCommentary-12.,nothing,p,_idIndexMarker181,BharatiyaSamskritiEnglishCommentary-12/#p3
Vaishnava Religion244,BharatiyaSamskritiEnglishCommentary-27.,nothing,p,_idIndexMarker341,BharatiyaSamskritiEnglishCommentary-27/#p1
Vaishnavism215,BharatiyaSamskritiEnglishCommentary-22.,nothing,p,_idIndexMarker316,BharatiyaSamskritiEnglishCommentary-22/#p29
"Vaishya79, 138, 233, 254",BharatiyaSamskritiEnglishCommentary-9.,nothing,p,_idIndexMarker148,BharatiyaSamskritiEnglishCommentary-9/#p3
"Vaishya79, 138, 233, 254",BharatiyaSamskritiEnglishCommentary-14.,nothing,p,_idIndexMarker244,BharatiyaSamskritiEnglishCommentary-14/#p12
"Vaishya79, 138, 233, 254",BharatiyaSamskritiEnglishCommentary-23.,nothing,p,_idIndexMarker332,BharatiyaSamskritiEnglishCommentary-23/#p21
"Vaishya79, 138, 233, 254",BharatiyaSamskritiEnglishCommentary-32.,nothing,p,_idIndexMarker348,BharatiyaSamskritiEnglishCommentary-32/#p1
"Varna42, 43, 79, 126, 141, 142",BharatiyaSamskritiEnglishCommentary-5.,nothing,p,_idIndexMarker063,BharatiyaSamskritiEnglishCommentary-5/#p29
"Varna42, 43, 79, 126, 141, 142",BharatiyaSamskritiEnglishCommentary-5.,nothing,p,_idIndexMarker067,BharatiyaSamskritiEnglishCommentary-5/#p31
"Varna42, 43, 79, 126, 141, 142",BharatiyaSamskritiEnglishCommentary-9.,nothing,p,_idIndexMarker144,BharatiyaSamskritiEnglishCommentary-9/#p3
"Varna42, 43, 79, 126, 141, 142",BharatiyaSamskritiEnglishCommentary-13.,nothing,p,_idIndexMarker228,BharatiyaSamskritiEnglishCommentary-13/#p23
"Varna42, 43, 79, 126, 141, 142",BharatiyaSamskritiEnglishCommentary-14.,nothing,p,_idIndexMarker246,BharatiyaSamskritiEnglishCommentary-14/#p13
"Varna42, 43, 79, 126, 141, 142",BharatiyaSamskritiEnglishCommentary-14.,nothing,p,_idIndexMarker248,BharatiyaSamskritiEnglishCommentary-14/#p16
"Varnashram45, 133",BharatiyaSamskritiEnglishCommentary-5.,nothing,p,_idIndexMarker074,BharatiyaSamskritiEnglishCommentary-5/#p32
"Varnashram45, 133",BharatiyaSamskritiEnglishCommentary-14.,nothing,h4,_idIndexMarker238,BharatiyaSamskritiEnglishCommentary-14/#p4
Vedantic Form191,BharatiyaSamskritiEnglishCommentary-22.,nothing,p,_idIndexMarker295,BharatiyaSamskritiEnglishCommentary-22/#p6
Vedic Form185,BharatiyaSamskritiEnglishCommentary-22.,nothing,h4,_idIndexMarker290,BharatiyaSamskritiEnglishCommentary-22/#p1
Vijayanagara318,BharatiyaSamskritiEnglishCommentary-51.,nothing,p,_idIndexMarker386,BharatiyaSamskritiEnglishCommentary-51/#p1
Vijñānamaya184,BharatiyaSamskritiEnglishCommentary-21.,nothing,p,_idIndexMarker288,BharatiyaSamskritiEnglishCommentary-21/#p7
"Vivekananda8, 18, 57, 58, 152, 171, 173, 322",BharatiyaSamskritiEnglishCommentary-3.,nothing,p,_idIndexMarker017,BharatiyaSamskritiEnglishCommentary-3/#p21
"Vivekananda8, 18, 57, 58, 152, 171, 173, 322",BharatiyaSamskritiEnglishCommentary-4.,nothing,p,_idIndexMarker034,BharatiyaSamskritiEnglishCommentary-4/#p3
"Vivekananda8, 18, 57, 58, 152, 171, 173, 322",BharatiyaSamskritiEnglishCommentary-6.,nothing,p,_idIndexMarker094,BharatiyaSamskritiEnglishCommentary-6/#p7
"Vivekananda8, 18, 57, 58, 152, 171, 173, 322",BharatiyaSamskritiEnglishCommentary-6.,nothing,p,_idIndexMarker096,BharatiyaSamskritiEnglishCommentary-6/#p9
"Vivekananda8, 18, 57, 58, 152, 171, 173, 322",BharatiyaSamskritiEnglishCommentary-15.,nothing,p,_idIndexMarker256,BharatiyaSamskritiEnglishCommentary-15/#p2
"Vivekananda8, 18, 57, 58, 152, 171, 173, 322",BharatiyaSamskritiEnglishCommentary-19.,nothing,p,_idIndexMarker271,BharatiyaSamskritiEnglishCommentary-19/#p3
"Vivekananda8, 18, 57, 58, 152, 171, 173, 322",BharatiyaSamskritiEnglishCommentary-19.,nothing,p,_idIndexMarker274,BharatiyaSamskritiEnglishCommentary-19/#p4
"Vivekananda8, 18, 57, 58, 152, 171, 173, 322",BharatiyaSamskritiEnglishCommentary-52.,nothing,p,_idIndexMarker393,BharatiyaSamskritiEnglishCommentary-52/#p6
Way out324,BharatiyaSamskritiEnglishCommentary-52.,nothing,p,_idIndexMarker396,BharatiyaSamskritiEnglishCommentary-52/#p9
"Work, a disutility69",BharatiyaSamskritiEnglishCommentary-7.,nothing,p,_idIndexMarker114,BharatiyaSamskritiEnglishCommentary-7/#p14
"Yuga cycle80, 218",BharatiyaSamskritiEnglishCommentary-9.,nothing,p,_idIndexMarker152,BharatiyaSamskritiEnglishCommentary-9/#p3
"Yuga cycle80, 218",BharatiyaSamskritiEnglishCommentary-22.,nothing,p,_idIndexMarker322,BharatiyaSamskritiEnglishCommentary-22/#p33
